country,country_code,year,illiteracy_rate,literacy_rate
afghanistan,AFG,2011,69.0,31.0
afghanistan,AFG,2015,66.246155,33.75384
afghanistan,AFG,2021,63.0,37.0
albania,ALB,2001,1.0,99.0
albania,ALB,2008,4.0,96.0
albania,ALB,2011,3.0,97.0
albania,ALB,2012,3.0,97.0
albania,ALB,2017,1.1837692,98.81623
algeria,DZA,2002,30.0,70.0
algeria,DZA,2006,27.0,73.0
algeria,DZA,2008,25.0,75.0
angola,AGO,2001,33.0,67.0
angola,AGO,2014,34.0,66.0
angola,AGO,2015,33.764137,66.23586
antigua and barbuda,ATG,2001,1.0,99.0
argentina,ARG,1991,4.0,96.0
argentina,ARG,2001,3.0,97.0
armenia,ARM,2001,1.0,99.0
armenia,ARM,2011,0.0,100.0
armenia,ARM,2016,0.0,100.0
armenia,ARM,2017,0.0,100.0
armenia,ARM,2020,0.0,100.0
armenia,ARM,2022,0.17500305,99.825
aruba,ABW,2000,3.0,97.0
aruba,ABW,2010,3.0,97.0
azerbaijan,AZE,1999,1.0,99.0
azerbaijan,AZE,2007,0.0,100.0
azerbaijan,AZE,2009,0.0,100.0
azerbaijan,AZE,2010,0.0,100.0
azerbaijan,AZE,2011,0.0,100.0
azerbaijan,AZE,2012,0.0,100.0
azerbaijan,AZE,2013,0.0,100.0
azerbaijan,AZE,2014,0.0,100.0
azerbaijan,AZE,2015,0.0,100.0
azerbaijan,AZE,2016,0.0,100.0
azerbaijan,AZE,2017,0.0,100.0
azerbaijan,AZE,2019,0.0,100.0
azerbaijan,AZE,2023,0.0,100.0
bahrain,BHR,1991,16.0,84.0
bahrain,BHR,2001,13.0,87.0
bahrain,BHR,2022,2.0,98.0
bahrain,BHR,2023,2.0,98.0
bangladesh,BGD,1991,65.0,35.0
bangladesh,BGD,2001,53.0,47.0
bangladesh,BGD,2011,41.0,59.0
bangladesh,BGD,2012,42.0,58.0
bangladesh,BGD,2013,39.0,61.0
bangladesh,BGD,2014,39.0,61.0
bangladesh,BGD,2015,35.0,65.0
bangladesh,BGD,2016,27.0,73.0
bangladesh,BGD,2017,27.0,73.0
bangladesh,BGD,2018,26.0,74.0
bangladesh,BGD,2019,25.0,75.0
bangladesh,BGD,2020,25.0,75.0
bangladesh,BGD,2021,24.0,76.0
bangladesh,BGD,2022,21.0,79.0
belarus,BLR,1999,0.0,100.0
belarus,BLR,2009,0.0,100.0
belarus,BLR,2019,0.0,100.0
belize,BLZ,1991,30.0,70.0
belize,BLZ,2015,9.0839615,90.91604
benin,BEN,1992,73.0,27.0
benin,BEN,2002,65.0,35.0
benin,BEN,2017,61.12879,38.87121
benin,BEN,2019,51.00172,48.99828
benin,BEN,2021,56.16583,43.83417
benin,BEN,2022,48.62123,51.37877
bhutan,BTN,2005,47.0,53.0
bhutan,BTN,2012,45.0,55.0
bhutan,BTN,2017,33.0,67.0
bolivia,BOL,1992,20.0,80.0
bolivia,BOL,2001,13.0,87.0
bolivia,BOL,2007,9.0,91.0
bolivia,BOL,2008,9.0,91.0
bolivia,BOL,2009,9.0,91.0
bolivia,BOL,2011,8.0,92.0
bolivia,BOL,2012,6.0,94.0
bolivia,BOL,2015,8.0,92.0
bolivia,BOL,2020,6.0,94.0
bosnia and herzegovina,BIH,1991,11.0,89.0
bosnia and herzegovina,BIH,2000,3.0,97.0
bosnia and herzegovina,BIH,2013,3.0,97.0
botswana,BWA,1991,31.0,69.0
botswana,BWA,2003,19.0,81.0
brazil,BRA,2000,14.0,86.0
brazil,BRA,2004,11.0,89.0
brazil,BRA,2006,10.0,90.0
brazil,BRA,2007,10.0,90.0
brazil,BRA,2008,10.0,90.0
brazil,BRA,2009,10.0,90.0
brazil,BRA,2010,10.0,90.0
brazil,BRA,2011,9.0,91.0
brazil,BRA,2012,9.0,91.0
brazil,BRA,2013,9.0,91.0
brazil,BRA,2014,8.0,92.0
brazil,BRA,2015,8.0,92.0
brazil,BRA,2016,7.0,93.0
brazil,BRA,2017,7.0,93.0
brazil,BRA,2018,7.0,93.0
brunei,BRN,1991,12.0,88.0
brunei,BRN,2001,7.0,93.0
brunei,BRN,2011,4.0,96.0
bulgaria,BGR,2001,2.0,98.0
bulgaria,BGR,2011,2.0,98.0
burkina faso,BFA,1991,86.0,14.0
burkina faso,BFA,1996,87.0,13.0
burkina faso,BFA,2003,78.0,22.0
burkina faso,BFA,2005,76.0,24.0
burkina faso,BFA,2006,78.0,22.0
burkina faso,BFA,2007,72.0,28.0
burkina faso,BFA,2014,65.0,35.0
burkina faso,BFA,2018,61.0,39.0
burkina faso,BFA,2019,70.0,30.0
burkina faso,BFA,2021,63.03262,36.96738
burkina faso,BFA,2022,59.07639,40.92361
burundi,BDI,1990,63.0,37.0
burundi,BDI,2000,41.0,59.0
burundi,BDI,2008,52.0,48.0
burundi,BDI,2014,38.0,62.0
burundi,BDI,2016,34.312263,65.68774
burundi,BDI,2017,32.0,68.0
cambodia,KHM,1998,33.0,67.0
cambodia,KHM,2004,26.0,74.0
cambodia,KHM,2008,23.0,77.0
cambodia,KHM,2009,24.0,76.0
cambodia,KHM,2014,22.0,78.0
cambodia,KHM,2015,19.0,81.0
cambodia,KHM,2021,28.072746,71.92725
cameroon,CMR,2000,32.0,68.0
cameroon,CMR,2007,29.0,71.0
cameroon,CMR,2010,29.0,71.0
cameroon,CMR,2018,27.452873,72.54713
cape verde,CPV,1990,37.0,63.0
cape verde,CPV,2012,15.0,85.0
cape verde,CPV,2015,13.0,87.0
cayman islands,CYM,2007,1.0,99.0
central african republic,CAF,2000,49.0,51.0
central african republic,CAF,2019,57.55721,42.44279
central and southern asia (sdg),Unknown,1990,51.67884,48.32116
central and southern asia (sdg),Unknown,1991,50.94008,49.05992
central and southern asia (sdg),Unknown,1992,49.97537,50.02463
central and southern asia (sdg),Unknown,1993,49.03544,50.96456
central and southern asia (sdg),Unknown,1994,48.34252,51.65748
central and southern asia (sdg),Unknown,1995,47.51132,52.48868
central and southern asia (sdg),Unknown,1996,46.72254,53.27746
central and southern asia (sdg),Unknown,1997,45.93668,54.06332
central and southern asia (sdg),Unknown,1998,41.46195,58.53805
central and southern asia (sdg),Unknown,1999,40.68157,59.31843
central and southern asia (sdg),Unknown,2000,39.91697,60.08303
central and southern asia (sdg),Unknown,2001,39.15662,60.84338
central and southern asia (sdg),Unknown,2002,38.37295,61.62705
central and southern asia (sdg),Unknown,2003,37.48693,62.51307
central and southern asia (sdg),Unknown,2004,36.71899,63.28101
central and southern asia (sdg),Unknown,2005,36.85484,63.14516
central and southern asia (sdg),Unknown,2006,36.71201,63.28799
central and southern asia (sdg),Unknown,2007,35.90345,64.09655
central and southern asia (sdg),Unknown,2008,34.842873,65.15713
central and southern asia (sdg),Unknown,2009,34.017853,65.98215
central and southern asia (sdg),Unknown,2010,31.647186,68.35281
central and southern asia (sdg),Unknown,2011,31.269592,68.73041
central and southern asia (sdg),Unknown,2012,31.218872,68.78113
central and southern asia (sdg),Unknown,2013,30.27993,69.72007
central and southern asia (sdg),Unknown,2014,29.598183,70.40182
central and southern asia (sdg),Unknown,2015,28.368553,71.63145
central and southern asia (sdg),Unknown,2016,27.148666,72.85133
central and southern asia (sdg),Unknown,2017,26.62413,73.37587
central and southern asia (sdg),Unknown,2018,26.134789,73.86521
central and southern asia (sdg),Unknown,2019,26.335068,73.66493
central and southern asia (sdg),Unknown,2020,25.667587,74.33241
central and southern asia (sdg),Unknown,2021,24.928017,75.07198
central and southern asia (sdg),Unknown,2022,24.187248,75.81275
central and southern asia (sdg),Unknown,2023,23.485687,76.51431
chad,TCD,1993,89.0,11.0
chad,TCD,2000,74.0,26.0
chad,TCD,2004,72.0,28.0
chad,TCD,2016,78.0,22.0
chad,TCD,2019,69.37208,30.62792
chile,CHL,1992,6.0,94.0
chile,CHL,2002,4.0,96.0
chile,CHL,2011,3.0,97.0
chile,CHL,2013,4.0,96.0
chile,CHL,2015,3.0,97.0
chile,CHL,2017,4.0,96.0
china,CHN,1990,22.0,78.0
china,CHN,2000,9.0,91.0
china,CHN,2010,5.0,95.0
china,CHN,2020,3.0,97.0
colombia,COL,1993,9.0,91.0
colombia,COL,1996,9.0,91.0
colombia,COL,2004,7.0,93.0
colombia,COL,2005,7.0,93.0
colombia,COL,2006,8.0,92.0
colombia,COL,2007,7.0,93.0
colombia,COL,2008,7.0,93.0
colombia,COL,2009,7.0,93.0
colombia,COL,2010,7.0,93.0
colombia,COL,2011,6.0,94.0
colombia,COL,2014,6.0,94.0
colombia,COL,2015,6.0,94.0
colombia,COL,2016,5.0,95.0
colombia,COL,2018,5.0,95.0
colombia,COL,2019,5.0,95.0
colombia,COL,2020,4.0,96.0
comoros,COM,2000,32.0,68.0
congo,COG,2005,24.0,76.0
costa rica,CRI,2000,5.0,95.0
costa rica,CRI,2011,3.0,97.0
cote d'ivoire,CIV,1998,64.0,36.0
cote d'ivoire,CIV,2000,51.0,49.0
cote d'ivoire,CIV,2014,56.0,44.0
cote d'ivoire,CIV,2016,49.96032,50.03968
cote d'ivoire,CIV,2021,49.99936,50.00064
croatia,HRV,1991,3.0,97.0
croatia,HRV,2001,2.0,98.0
cuba,CUB,2002,0.0,100.0
cuba,CUB,2012,0.0,100.0
cuba,CUB,2019,2.3450928,97.65491
cyprus,CYP,1992,6.0,94.0
cyprus,CYP,2001,3.0,97.0
cyprus,CYP,2011,1.0,99.0
democratic republic of congo,COD,2001,33.0,67.0
democratic republic of congo,COD,2012,25.0,75.0
democratic republic of congo,COD,2016,23.0,77.0
democratic republic of congo,COD,2018,26.446968,73.55303
dominican republic,DOM,2002,13.0,87.0
dominican republic,DOM,2007,12.0,88.0
dominican republic,DOM,2010,10.0,90.0
dominican republic,DOM,2011,10.0,90.0
dominican republic,DOM,2012,10.0,90.0
dominican republic,DOM,2013,9.0,91.0
dominican republic,DOM,2014,8.0,92.0
dominican republic,DOM,2015,8.0,92.0
dominican republic,DOM,2016,6.0,94.0
east asia and pacific (wb),Unknown,1990,18.829239,81.17076
east asia and pacific (wb),Unknown,1991,18.288834,81.71117
east asia and pacific (wb),Unknown,1992,17.776428,82.22357
east asia and pacific (wb),Unknown,1993,17.310158,82.68984
east asia and pacific (wb),Unknown,1994,16.75531,83.24469
east asia and pacific (wb),Unknown,1995,16.195702,83.8043
east asia and pacific (wb),Unknown,1996,15.709953,84.29005
east asia and pacific (wb),Unknown,1997,10.722511,89.27749
east asia and pacific (wb),Unknown,1998,10.357094,89.64291
east asia and pacific (wb),Unknown,1999,10.039719,89.96028
east asia and pacific (wb),Unknown,2000,9.678146,90.32185
east asia and pacific (wb),Unknown,2001,9.364357,90.63564
east asia and pacific (wb),Unknown,2002,9.010178,90.98982
east asia and pacific (wb),Unknown,2003,8.638557,91.36144
east asia and pacific (wb),Unknown,2004,8.305519,91.69448
east asia and pacific (wb),Unknown,2005,7.9703903,92.02961
east asia and pacific (wb),Unknown,2006,7.6208115,92.37919
east asia and pacific (wb),Unknown,2007,6.487503,93.5125
east asia and pacific (wb),Unknown,2008,6.1838226,93.81618
east asia and pacific (wb),Unknown,2009,5.914818,94.08518
east asia and pacific (wb),Unknown,2010,5.7998276,94.20017
east asia and pacific (wb),Unknown,2011,6.135399,93.8646
east asia and pacific (wb),Unknown,2012,5.9049835,94.09502
east asia and pacific (wb),Unknown,2013,5.793068,94.20693
east asia and pacific (wb),Unknown,2014,5.2887573,94.71124
east asia and pacific (wb),Unknown,2015,5.0720825,94.92792
east asia and pacific (wb),Unknown,2016,4.868042,95.13196
east asia and pacific (wb),Unknown,2017,4.6769485,95.32305
east asia and pacific (wb),Unknown,2018,4.6305695,95.36943
east asia and pacific (wb),Unknown,2019,4.193123,95.80688
east asia and pacific (wb),Unknown,2020,3.9712982,96.0287
east asia and pacific (wb),Unknown,2021,3.8350677,96.16493
east asia and pacific (wb),Unknown,2022,3.6990738,96.30093
east asia and pacific (wb),Unknown,2023,3.5695114,96.43049
east timor,TLS,2001,62.0,38.0
east timor,TLS,2007,49.0,51.0
east timor,TLS,2010,42.0,58.0
east timor,TLS,2016,34.22087,65.77913
eastern and south-eastern asia (sdg),Unknown,1990,18.81636,81.18364
eastern and south-eastern asia (sdg),Unknown,1991,18.269188,81.73081
eastern and south-eastern asia (sdg),Unknown,1992,17.750427,82.24957
eastern and south-eastern asia (sdg),Unknown,1993,17.278267,82.72173
eastern and south-eastern asia (sdg),Unknown,1994,16.71614,83.28386
eastern and south-eastern asia (sdg),Unknown,1995,16.149208,83.85079
eastern and south-eastern asia (sdg),Unknown,1996,15.659859,84.34014
eastern and south-eastern asia (sdg),Unknown,1997,10.600128,89.39987
eastern and south-eastern asia (sdg),Unknown,1998,10.2328415,89.76716
eastern and south-eastern asia (sdg),Unknown,1999,9.9135895,90.08641
eastern and south-eastern asia (sdg),Unknown,2000,9.54808,90.45192
eastern and south-eastern asia (sdg),Unknown,2001,9.231987,90.76801
eastern and south-eastern asia (sdg),Unknown,2002,8.875252,91.12475
eastern and south-eastern asia (sdg),Unknown,2003,8.500458,91.49954
eastern and south-eastern asia (sdg),Unknown,2004,8.165031,91.83497
eastern and south-eastern asia (sdg),Unknown,2005,7.826912,92.17309
eastern and south-eastern asia (sdg),Unknown,2006,7.474037,92.52596
eastern and south-eastern asia (sdg),Unknown,2007,6.324478,93.67552
eastern and south-eastern asia (sdg),Unknown,2008,6.017021,93.98298
eastern and south-eastern asia (sdg),Unknown,2009,5.744461,94.25554
eastern and south-eastern asia (sdg),Unknown,2010,5.629059,94.37094
eastern and south-eastern asia (sdg),Unknown,2011,5.969116,94.03088
eastern and south-eastern asia (sdg),Unknown,2012,5.7337875,94.26621
eastern and south-eastern asia (sdg),Unknown,2013,5.618782,94.38122
eastern and south-eastern asia (sdg),Unknown,2014,5.101639,94.89836
eastern and south-eastern asia (sdg),Unknown,2015,4.876549,95.12345
eastern and south-eastern asia (sdg),Unknown,2016,4.667053,95.33295
eastern and south-eastern asia (sdg),Unknown,2017,4.4703674,95.52963
eastern and south-eastern asia (sdg),Unknown,2018,4.4209137,95.57909
eastern and south-eastern asia (sdg),Unknown,2019,3.9734497,96.02655
eastern and south-eastern asia (sdg),Unknown,2020,3.7453766,96.25462
eastern and south-eastern asia (sdg),Unknown,2021,3.6060562,96.39394
eastern and south-eastern asia (sdg),Unknown,2022,3.4645462,96.53545
eastern and south-eastern asia (sdg),Unknown,2023,3.3294983,96.6705
ecuador,ECU,1990,12.0,88.0
ecuador,ECU,2001,9.0,91.0
ecuador,ECU,2007,8.0,92.0
ecuador,ECU,2008,8.0,92.0
ecuador,ECU,2009,8.0,92.0
ecuador,ECU,2010,8.0,92.0
ecuador,ECU,2011,8.0,92.0
ecuador,ECU,2012,8.0,92.0
ecuador,ECU,2013,7.0,93.0
ecuador,ECU,2014,6.0,94.0
ecuador,ECU,2015,6.0,94.0
ecuador,ECU,2016,6.0,94.0
ecuador,ECU,2017,7.0,93.0
ecuador,ECU,2020,6.0,94.0
ecuador,ECU,2021,6.0,94.0
ecuador,ECU,2022,6.0,94.0
egypt,EGY,1996,44.0,56.0
egypt,EGY,2005,33.0,67.0
egypt,EGY,2006,34.0,66.0
egypt,EGY,2010,28.0,72.0
egypt,EGY,2012,26.0,74.0
egypt,EGY,2013,28.0,72.0
egypt,EGY,2017,29.0,71.0
el salvador,SLV,1992,26.0,74.0
el salvador,SLV,2006,16.0,84.0
el salvador,SLV,2007,18.0,82.0
el salvador,SLV,2008,16.0,84.0
el salvador,SLV,2009,16.0,84.0
el salvador,SLV,2010,16.0,84.0
el salvador,SLV,2011,15.0,85.0
el salvador,SLV,2013,13.0,87.0
el salvador,SLV,2015,12.0,88.0
el salvador,SLV,2016,12.0,88.0
el salvador,SLV,2017,12.0,88.0
el salvador,SLV,2018,11.0,89.0
el salvador,SLV,2019,11.0,89.0
el salvador,SLV,2020,10.0,90.0
el salvador,SLV,2023,10.0,90.0
equatorial guinea,GNQ,2000,12.0,88.0
eritrea,ERI,2002,47.0,53.0
eritrea,ERI,2008,35.0,65.0
estonia,EST,2000,0.0,100.0
estonia,EST,2011,0.0,100.0
eswatini,SWZ,2000,18.0,82.0
eswatini,SWZ,2022,9.252983,90.74702
ethiopia,ETH,1994,73.0,27.0
ethiopia,ETH,2004,64.0,36.0
ethiopia,ETH,2007,61.0,39.0
ethiopia,ETH,2016,52.50841,47.49159
europe and central asia (wb),Unknown,1994,4.061943,95.93806
europe and central asia (wb),Unknown,1995,3.9324188,96.06758
europe and central asia (wb),Unknown,1996,3.7786484,96.22135
europe and central asia (wb),Unknown,1997,3.6585999,96.3414
europe and central asia (wb),Unknown,1998,3.5137634,96.48624
europe and central asia (wb),Unknown,1999,3.407547,96.59245
europe and central asia (wb),Unknown,2000,3.3474808,96.65252
europe and central asia (wb),Unknown,2001,3.2472,96.7528
europe and central asia (wb),Unknown,2002,3.0888367,96.91116
europe and central asia (wb),Unknown,2003,2.9948273,97.00517
europe and central asia (wb),Unknown,2004,2.9087677,97.09123
europe and central asia (wb),Unknown,2005,2.789833,97.21017
europe and central asia (wb),Unknown,2006,2.7298431,97.27016
europe and central asia (wb),Unknown,2007,2.6482162,97.35178
europe and central asia (wb),Unknown,2008,2.5267563,97.47324
europe and central asia (wb),Unknown,2009,2.2692337,97.73077
europe and central asia (wb),Unknown,2010,2.1053467,97.89465
europe and central asia (wb),Unknown,2011,1.9648438,98.03516
europe and central asia (wb),Unknown,2012,1.8673401,98.13266
europe and central asia (wb),Unknown,2013,1.803772,98.19623
europe and central asia (wb),Unknown,2014,1.7612915,98.23871
europe and central asia (wb),Unknown,2015,1.7181473,98.28185
europe and central asia (wb),Unknown,2016,1.661087,98.33891
europe and central asia (wb),Unknown,2017,1.5820236,98.41798
europe and central asia (wb),Unknown,2018,1.4982071,98.50179
europe and central asia (wb),Unknown,2019,1.4359894,98.56401
europe and central asia (wb),Unknown,2020,1.3961716,98.60383
europe and central asia (wb),Unknown,2021,1.3537216,98.64628
europe and central asia (wb),Unknown,2022,1.3355789,98.66442
europe and central asia (wb),Unknown,2023,1.3112869,98.68871
europe and northern america (sdg),Unknown,2003,2.1022034,97.8978
europe and northern america (sdg),Unknown,2004,2.043869,97.95613
europe and northern america (sdg),Unknown,2005,1.9907532,98.00925
europe and northern america (sdg),Unknown,2006,1.9229965,98.077
europe and northern america (sdg),Unknown,2018,1.3839264,98.61607
europe and northern america (sdg),Unknown,2019,1.3569183,98.64308
europe and northern america (sdg),Unknown,2020,1.3308792,98.66912
europe and northern america (sdg),Unknown,2021,1.3043365,98.69566
europe and northern america (sdg),Unknown,2022,1.2972717,98.70273
gabon,GAB,1993,28.0,72.0
gabon,GAB,2021,11.141663,88.85834
gambia,GMB,2000,63.0,37.0
gambia,GMB,2015,49.0,51.0
gambia,GMB,2018,46.8398,53.1602
gambia,GMB,2021,48.3626,51.6374
georgia,GEO,2002,0.0,100.0
georgia,GEO,2014,0.0,100.0
georgia,GEO,2017,1.0,99.0
georgia,GEO,2018,0.34633636,99.65366
georgia,GEO,2022,0.0,100.0
georgia,GEO,2023,0.44452667,99.55547
ghana,GHA,2000,42.0,58.0
ghana,GHA,2010,29.0,71.0
ghana,GHA,2017,35.507607,64.49239
ghana,GHA,2021,23.51432,76.48568
greece,GRC,1991,7.0,93.0
greece,GRC,2001,4.0,96.0
greece,GRC,2009,6.0,94.0
guam,GUM,1990,1.0,99.0
guatemala,GTM,1994,36.0,64.0
guatemala,GTM,2002,31.0,69.0
guatemala,GTM,2012,22.0,78.0
guatemala,GTM,2013,23.0,77.0
guatemala,GTM,2014,19.0,81.0
guatemala,GTM,2015,19.804909,80.19509
guatemala,GTM,2018,19.0,81.0
guatemala,GTM,2022,16.968826,83.03117
guinea,GIN,1996,79.0,21.0
guinea,GIN,2003,70.0,30.0
guinea,GIN,2010,75.0,25.0
guinea,GIN,2014,68.0,32.0
guinea,GIN,2018,60.0,40.0
guinea-bissau,GNB,2000,59.0,41.0
guinea-bissau,GNB,2019,45.11768,54.88232
guinea-bissau,GNB,2022,36.06587,63.93413
guyana,GUY,2020,14.361649,85.63835
haiti,HTI,2003,41.0,59.0
haiti,HTI,2017,31.990143,68.00986
honduras,HND,2001,20.0,80.0
honduras,HND,2007,16.0,84.0
honduras,HND,2010,15.0,85.0
honduras,HND,2011,15.0,85.0
honduras,HND,2012,15.0,85.0
honduras,HND,2013,15.0,85.0
honduras,HND,2014,13.0,87.0
honduras,HND,2015,12.0,88.0
honduras,HND,2016,11.0,89.0
honduras,HND,2018,13.0,87.0
honduras,HND,2019,11.0,89.0
india,IND,1991,52.0,48.0
india,IND,2001,39.0,61.0
india,IND,2006,37.0,63.0
india,IND,2011,31.0,69.0
india,IND,2022,24.0,76.0
india,IND,2023,18.0,82.0
indonesia,IDN,1990,18.0,82.0
indonesia,IDN,2004,10.0,90.0
indonesia,IDN,2006,8.0,92.0
indonesia,IDN,2008,8.0,92.0
indonesia,IDN,2009,7.0,93.0
indonesia,IDN,2011,7.0,93.0
indonesia,IDN,2014,5.0,95.0
indonesia,IDN,2015,5.0,95.0
indonesia,IDN,2016,5.0,95.0
indonesia,IDN,2018,4.0,96.0
indonesia,IDN,2020,4.0,96.0
iran,IRN,1991,34.0,66.0
iran,IRN,1996,27.0,73.0
iran,IRN,2002,23.0,77.0
iran,IRN,2005,18.0,82.0
iran,IRN,2006,18.0,82.0
iran,IRN,2008,17.0,83.0
iran,IRN,2012,16.0,84.0
iran,IRN,2013,15.0,85.0
iran,IRN,2014,15.0,85.0
iran,IRN,2016,14.0,86.0
iraq,IRQ,2000,26.0,74.0
iraq,IRQ,2012,23.0,77.0
iraq,IRQ,2014,18.0,82.0
iraq,IRQ,2016,17.0,83.0
iraq,IRQ,2017,14.0,86.0
italy,ITA,2001,2.0,98.0
italy,ITA,2011,1.0,99.0
italy,ITA,2019,1.0,99.0
jamaica,JAM,1999,20.0,80.0
jordan,JOR,2003,10.0,90.0
jordan,JOR,2005,9.0,91.0
jordan,JOR,2007,8.0,92.0
jordan,JOR,2010,7.0,93.0
jordan,JOR,2011,4.0,96.0
jordan,JOR,2012,2.0,98.0
jordan,JOR,2018,4.56855,95.43145
jordan,JOR,2023,5.0,95.0
kazakhstan,KAZ,1999,0.0,100.0
kazakhstan,KAZ,2009,0.0,100.0
kenya,KEN,2000,18.0,82.0
kiribati,KIR,2018,2.0402908,97.95971
kuwait,KWT,1995,22.0,78.0
kuwait,KWT,2005,7.0,93.0
kuwait,KWT,2006,7.0,93.0
kuwait,KWT,2007,6.0,94.0
kuwait,KWT,2008,6.0,94.0
kuwait,KWT,2010,6.0,94.0
kuwait,KWT,2012,4.0,96.0
kuwait,KWT,2013,4.0,96.0
kuwait,KWT,2015,4.0,96.0
kuwait,KWT,2017,4.0,96.0
kuwait,KWT,2018,4.0,96.0
kuwait,KWT,2020,4.0,96.0
kyrgyzstan,KGZ,1999,1.0,99.0
kyrgyzstan,KGZ,2009,1.0,99.0
laos,LAO,1995,40.0,60.0
laos,LAO,2000,30.0,70.0
laos,LAO,2001,31.0,69.0
laos,LAO,2005,27.0,73.0
laos,LAO,2015,15.0,85.0
latin america and caribbean (wb),Unknown,1990,15.532127,84.46787
latin america and caribbean (wb),Unknown,1991,14.933609,85.06639
latin america and caribbean (wb),Unknown,1992,14.334457,85.66554
latin america and caribbean (wb),Unknown,1993,13.745087,86.25491
latin america and caribbean (wb),Unknown,1994,13.16674,86.83326
latin america and caribbean (wb),Unknown,1995,12.5937805,87.40622
latin america and caribbean (wb),Unknown,1996,12.220879,87.77912
latin america and caribbean (wb),Unknown,1997,11.9555435,88.04446
latin america and caribbean (wb),Unknown,1998,11.600967,88.39903
latin america and caribbean (wb),Unknown,1999,11.283447,88.71655
latin america and caribbean (wb),Unknown,2000,10.983337,89.01666
latin america and caribbean (wb),Unknown,2001,10.824249,89.17575
latin america and caribbean (wb),Unknown,2002,10.556938,89.44306
latin america and caribbean (wb),Unknown,2003,9.9040985,90.0959
latin america and caribbean (wb),Unknown,2004,9.627731,90.37227
latin america and caribbean (wb),Unknown,2005,9.660591,90.33941
latin america and caribbean (wb),Unknown,2006,9.457687,90.54231
latin america and caribbean (wb),Unknown,2007,8.609367,91.39063
latin america and caribbean (wb),Unknown,2008,8.310661,91.68934
latin america and caribbean (wb),Unknown,2009,8.13533,91.86467
latin america and caribbean (wb),Unknown,2010,8.2148285,91.78517
latin america and caribbean (wb),Unknown,2011,7.50943,92.49057
latin america and caribbean (wb),Unknown,2012,7.2005234,92.79948
latin america and caribbean (wb),Unknown,2013,7.2159424,92.78406
latin america and caribbean (wb),Unknown,2014,6.717949,93.28205
latin america and caribbean (wb),Unknown,2015,6.573143,93.42686
latin america and caribbean (wb),Unknown,2016,6.1316833,93.86832
latin america and caribbean (wb),Unknown,2017,6.1005325,93.89947
latin america and caribbean (wb),Unknown,2018,5.914093,94.08591
latin america and caribbean (wb),Unknown,2019,5.7443314,94.25567
latin america and caribbean (wb),Unknown,2020,5.6866913,94.31331
latin america and caribbean (wb),Unknown,2021,5.50618,94.49382
latin america and caribbean (wb),Unknown,2022,5.3530807,94.64692
latin america and caribbean (wb),Unknown,2023,5.2099915,94.79001
latin america and the caribbean (sdg),Unknown,1990,15.531799,84.4682
latin america and the caribbean (sdg),Unknown,1991,14.933296,85.0667
latin america and the caribbean (sdg),Unknown,1992,14.334183,85.66582
latin america and the caribbean (sdg),Unknown,1993,13.744843,86.25516
latin america and the caribbean (sdg),Unknown,1994,13.166519,86.83348
latin america and the caribbean (sdg),Unknown,1995,12.593582,87.40642
latin america and the caribbean (sdg),Unknown,1996,12.220688,87.77931
latin america and the caribbean (sdg),Unknown,1997,11.95536,88.04464
latin america and the caribbean (sdg),Unknown,1998,11.6008,88.3992
latin america and the caribbean (sdg),Unknown,1999,11.283287,88.71671
latin america and the caribbean (sdg),Unknown,2000,10.983177,89.01682
latin america and the caribbean (sdg),Unknown,2001,10.824089,89.17591
latin america and the caribbean (sdg),Unknown,2002,10.556793,89.44321
latin america and the caribbean (sdg),Unknown,2003,9.903976,90.09602
latin america and the caribbean (sdg),Unknown,2004,9.627609,90.37239
latin america and the caribbean (sdg),Unknown,2005,9.660469,90.33953
latin america and the caribbean (sdg),Unknown,2006,9.457581,90.54242
latin america and the caribbean (sdg),Unknown,2007,8.609291,91.39071
latin america and the caribbean (sdg),Unknown,2008,8.310593,91.68941
latin america and the caribbean (sdg),Unknown,2009,8.135262,91.86474
latin america and the caribbean (sdg),Unknown,2010,8.214752,91.78525
latin america and the caribbean (sdg),Unknown,2011,7.509369,92.49063
latin america and the caribbean (sdg),Unknown,2012,7.20047,92.79953
latin america and the caribbean (sdg),Unknown,2013,7.215889,92.78411
latin america and the caribbean (sdg),Unknown,2014,6.7179184,93.28208
latin america and the caribbean (sdg),Unknown,2015,6.5731125,93.42689
latin america and the caribbean (sdg),Unknown,2016,6.1316605,93.86834
latin america and the caribbean (sdg),Unknown,2017,6.1005096,93.89949
latin america and the caribbean (sdg),Unknown,2018,5.9140778,94.08592
latin america and the caribbean (sdg),Unknown,2019,5.7443237,94.25568
latin america and the caribbean (sdg),Unknown,2020,5.6866913,94.31331
latin america and the caribbean (sdg),Unknown,2021,5.50618,94.49382
latin america and the caribbean (sdg),Unknown,2022,5.3530807,94.64692
latin america and the caribbean (sdg),Unknown,2023,5.209999,94.79
latvia,LVA,2000,0.0,100.0
latvia,LVA,2011,0.0,100.0
lebanon,LBN,2007,10.0,90.0
lebanon,LBN,2009,9.0,91.0
lebanon,LBN,2018,7.0,93.0
lesotho,LSO,2000,14.0,86.0
lesotho,LSO,2006,34.0,66.0
lesotho,LSO,2016,3.0,97.0
lesotho,LSO,2018,13.759132,86.24087
lithuania,LTU,2001,0.0,100.0
lithuania,LTU,2011,0.0,100.0
low-income countries,Unknown,1990,52.60835,47.39165
low-income countries,Unknown,1991,52.3177,47.6823
low-income countries,Unknown,1992,52.17815,47.82185
low-income countries,Unknown,1993,51.96915,48.03085
low-income countries,Unknown,1994,51.68891,48.31109
low-income countries,Unknown,1995,51.324,48.676
low-income countries,Unknown,1996,50.95733,49.04267
low-income countries,Unknown,1997,50.26669,49.73331
low-income countries,Unknown,1998,49.56981,50.43019
low-income countries,Unknown,1999,49.02119,50.97881
low-income countries,Unknown,2000,48.60134,51.39866
low-income countries,Unknown,2001,47.95284,52.04716
low-income countries,Unknown,2002,47.2836,52.7164
low-income countries,Unknown,2003,46.88651,53.11349
low-income countries,Unknown,2004,46.41802,53.58198
low-income countries,Unknown,2005,46.00279,53.99721
low-income countries,Unknown,2006,47.8201,52.1799
low-income countries,Unknown,2007,46.58184,53.41816
low-income countries,Unknown,2008,45.68599,54.31401
low-income countries,Unknown,2009,45.17653,54.82347
low-income countries,Unknown,2010,44.68027,55.31973
low-income countries,Unknown,2011,42.64128,57.35872
low-income countries,Unknown,2012,42.19119,57.80881
low-income countries,Unknown,2013,41.34499,58.65501
low-income countries,Unknown,2014,40.92917,59.07083
low-income countries,Unknown,2015,40.25754,59.74246
low-income countries,Unknown,2016,39.5733,60.4267
low-income countries,Unknown,2017,38.51638,61.48362
low-income countries,Unknown,2018,38.54596,61.45404
low-income countries,Unknown,2019,38.47153,61.52847
low-income countries,Unknown,2020,38.30996,61.69004
low-income countries,Unknown,2021,37.81859,62.18141
low-income countries,Unknown,2022,37.36754,62.63246
low-income countries,Unknown,2023,36.96147,63.03853
lower-middle-income countries,Unknown,1990,47.1931,52.8069
lower-middle-income countries,Unknown,1991,46.48436,53.51564
lower-middle-income countries,Unknown,1992,45.59515,54.40485
lower-middle-income countries,Unknown,1993,44.73002,55.26998
lower-middle-income countries,Unknown,1994,43.91726,56.08274
lower-middle-income countries,Unknown,1995,43.14224,56.85776
lower-middle-income countries,Unknown,1996,42.36563,57.63437
lower-middle-income countries,Unknown,1997,41.58707,58.41293
lower-middle-income countries,Unknown,1998,38.15115,61.84885
lower-middle-income countries,Unknown,1999,37.40852,62.59148
lower-middle-income countries,Unknown,2000,37.19769,62.80231
lower-middle-income countries,Unknown,2001,36.47008,63.52992
lower-middle-income countries,Unknown,2002,35.75167,64.24833
lower-middle-income countries,Unknown,2003,34.705276,65.29472
lower-middle-income countries,Unknown,2004,34.003128,65.99687
lower-middle-income countries,Unknown,2005,34.21398,65.78602
lower-middle-income countries,Unknown,2006,34.231483,65.76852
lower-middle-income countries,Unknown,2007,33.70806,66.29194
lower-middle-income countries,Unknown,2008,33.056282,66.94372
lower-middle-income countries,Unknown,2009,32.36476,67.63524
lower-middle-income countries,Unknown,2010,30.491669,69.50833
lower-middle-income countries,Unknown,2011,30.19014,69.80986
lower-middle-income countries,Unknown,2012,29.74424,70.25576
lower-middle-income countries,Unknown,2013,28.8404,71.1596
lower-middle-income countries,Unknown,2014,28.103127,71.89687
lower-middle-income countries,Unknown,2015,27.015327,72.98467
lower-middle-income countries,Unknown,2016,26.265999,73.734
lower-middle-income countries,Unknown,2017,25.732887,74.26711
lower-middle-income countries,Unknown,2018,24.926857,75.07314
lower-middle-income countries,Unknown,2019,24.754494,75.24551
lower-middle-income countries,Unknown,2020,24.119698,75.8803
lower-middle-income countries,Unknown,2021,23.511772,76.48823
lower-middle-income countries,Unknown,2022,22.917358,77.08264
lower-middle-income countries,Unknown,2023,22.36818,77.63182
macao,MAC,2001,9.0,91.0
macao,MAC,2006,7.0,93.0
macao,MAC,2011,4.0,96.0
macao,MAC,2016,3.0,97.0
madagascar,MDG,2000,29.0,71.0
madagascar,MDG,2005,41.0,59.0
madagascar,MDG,2012,28.0,72.0
madagascar,MDG,2018,23.0,77.0
madagascar,MDG,2021,25.313858,74.68614
malawi,MWI,1998,36.0,64.0
malawi,MWI,2020,29.847733,70.15227
malaysia,MYS,1991,17.0,83.0
malaysia,MYS,2000,11.0,89.0
malaysia,MYS,2010,7.0,93.0
malaysia,MYS,2016,5.0,95.0
malaysia,MYS,2017,5.0,95.0
malaysia,MYS,2018,5.0,95.0
malaysia,MYS,2019,5.0,95.0
malaysia,MYS,2022,4.0,96.0
maldives,MDV,1990,4.0,96.0
maldives,MDV,1995,4.0,96.0
maldives,MDV,2000,4.0,96.0
maldives,MDV,2006,2.0,98.0
maldives,MDV,2014,1.0,99.0
maldives,MDV,2016,2.0,98.0
maldives,MDV,2017,5.4944916,94.50551
maldives,MDV,2019,1.7881393,98.21186
mali,MLI,1998,81.0,19.0
mali,MLI,2003,76.0,24.0
mali,MLI,2006,74.0,26.0
mali,MLI,2010,69.0,31.0
mali,MLI,2011,69.0,31.0
mali,MLI,2015,67.0,33.0
mali,MLI,2018,65.0,35.0
malta,MLT,1995,12.0,88.0
malta,MLT,2005,8.0,92.0
malta,MLT,2011,7.0,93.0
marshall islands,MHL,2011,2.0,98.0
mauritania,MRT,2000,49.0,51.0
mauritania,MRT,2013,38.0,62.0
mauritania,MRT,2015,34.887978,65.11202
mauritania,MRT,2020,40.47034,59.52966
mauritius,MUS,1990,20.0,80.0
mauritius,MUS,2000,16.0,84.0
mauritius,MUS,2011,11.0,89.0
mauritius,MUS,2012,8.0,92.0
mauritius,MUS,2013,9.0,91.0
mauritius,MUS,2014,8.0,92.0
mauritius,MUS,2015,7.0,93.0
mauritius,MUS,2016,7.0,93.0
mexico,MEX,1990,12.0,88.0
mexico,MEX,2000,9.0,91.0
mexico,MEX,2002,10.0,90.0
mexico,MEX,2004,9.0,91.0
mexico,MEX,2005,8.0,92.0
mexico,MEX,2006,8.0,92.0
mexico,MEX,2007,7.0,93.0
mexico,MEX,2008,7.0,93.0
mexico,MEX,2009,7.0,93.0
mexico,MEX,2010,7.0,93.0
mexico,MEX,2011,6.0,94.0
mexico,MEX,2012,6.0,94.0
mexico,MEX,2013,6.0,94.0
mexico,MEX,2014,5.0,95.0
mexico,MEX,2015,6.0,94.0
mexico,MEX,2016,5.0,95.0
mexico,MEX,2017,5.0,95.0
mexico,MEX,2018,5.0,95.0
mexico,MEX,2020,5.0,95.0
middle east and north africa (wb),Unknown,1990,41.76429,58.23571
middle east and north africa (wb),Unknown,1991,40.57349,59.42651
middle east and north africa (wb),Unknown,1992,39.47795,60.52205
middle east and north africa (wb),Unknown,1993,38.61286,61.38714
middle east and north africa (wb),Unknown,1994,37.65129,62.34871
middle east and north africa (wb),Unknown,1995,36.17486,63.82514
middle east and north africa (wb),Unknown,1996,35.03932,64.96068
middle east and north africa (wb),Unknown,1997,33.93638,66.06362
middle east and north africa (wb),Unknown,1998,32.732674,67.26733
middle east and north africa (wb),Unknown,1999,31.63256,68.36744
middle east and north africa (wb),Unknown,2000,30.598412,69.40159
middle east and north africa (wb),Unknown,2001,29.467583,70.53242
middle east and north africa (wb),Unknown,2002,28.43544,71.56456
middle east and north africa (wb),Unknown,2003,25.87294,74.12706
middle east and north africa (wb),Unknown,2004,25.036774,74.96323
middle east and north africa (wb),Unknown,2005,24.42891,75.57109
middle east and north africa (wb),Unknown,2006,25.407883,74.59212
middle east and north africa (wb),Unknown,2007,24.63002,75.36998
middle east and north africa (wb),Unknown,2008,22.914787,77.08521
middle east and north africa (wb),Unknown,2009,23.981728,76.01827
middle east and north africa (wb),Unknown,2010,23.390617,76.60938
middle east and north africa (wb),Unknown,2011,22.67614,77.32386
middle east and north africa (wb),Unknown,2012,22.002258,77.99774
middle east and north africa (wb),Unknown,2013,21.39183,78.60817
middle east and north africa (wb),Unknown,2014,21.014488,78.98551
middle east and north africa (wb),Unknown,2015,20.36026,79.63974
middle east and north africa (wb),Unknown,2016,21.523651,78.47635
middle east and north africa (wb),Unknown,2017,21.071259,78.92874
middle east and north africa (wb),Unknown,2018,20.743279,79.25672
middle east and north africa (wb),Unknown,2019,20.446136,79.55386
middle east and north africa (wb),Unknown,2020,20.104233,79.89577
middle east and north africa (wb),Unknown,2021,19.698807,80.30119
middle east and north africa (wb),Unknown,2022,19.3889,80.6111
middle east and north africa (wb),Unknown,2023,19.050858,80.94914
middle-income countries,Unknown,1990,29.30024,70.69976
middle-income countries,Unknown,1991,28.770851,71.22915
middle-income countries,Unknown,1992,28.164078,71.83592
middle-income countries,Unknown,1993,27.584442,72.41556
middle-income countries,Unknown,1994,27.03975,72.96025
middle-income countries,Unknown,1995,26.482918,73.51708
middle-income countries,Unknown,1996,25.954903,74.0451
middle-income countries,Unknown,1997,23.288582,76.71142
middle-income countries,Unknown,1998,21.701462,78.29854
middle-income countries,Unknown,1999,21.266792,78.73321
middle-income countries,Unknown,2000,21.022774,78.97723
middle-income countries,Unknown,2001,20.61908,79.38092
middle-income countries,Unknown,2002,20.185173,79.81483
middle-income countries,Unknown,2003,19.551567,80.44843
middle-income countries,Unknown,2004,19.120491,80.87951
middle-income countries,Unknown,2005,19.120064,80.87994
middle-income countries,Unknown,2006,19.019432,80.98057
middle-income countries,Unknown,2007,18.317482,81.68252
middle-income countries,Unknown,2008,17.869904,82.1301
middle-income countries,Unknown,2009,17.58371,82.41629
middle-income countries,Unknown,2010,16.724762,83.27524
middle-income countries,Unknown,2011,16.58397,83.41603
middle-income countries,Unknown,2012,16.327873,83.67213
middle-income countries,Unknown,2013,15.95491,84.04509
middle-income countries,Unknown,2014,15.509216,84.49078
middle-income countries,Unknown,2015,15.026009,84.97399
middle-income countries,Unknown,2016,14.629448,85.37055
middle-income countries,Unknown,2017,14.4464035,85.5536
middle-income countries,Unknown,2018,14.054176,85.94582
middle-income countries,Unknown,2019,13.884422,86.11558
middle-income countries,Unknown,2020,13.592949,86.40705
middle-income countries,Unknown,2021,13.348106,86.65189
middle-income countries,Unknown,2022,13.041557,86.95844
middle-income countries,Unknown,2023,12.771606,87.22839
moldova,MDA,2000,3.0,97.0
moldova,MDA,2014,1.0,99.0
mongolia,MNG,2000,2.0,98.0
mongolia,MNG,2010,2.0,98.0
mongolia,MNG,2018,3.103653,96.89635
mongolia,MNG,2020,1.0,99.0
mongolia,MNG,2022,1.2737808,98.72622
montenegro,MNE,1991,7.0,93.0
montenegro,MNE,2003,2.0,98.0
montenegro,MNE,2011,2.0,98.0
montenegro,MNE,2018,1.4655991,98.5344
morocco,MAR,1994,58.0,42.0
morocco,MAR,2004,48.0,52.0
morocco,MAR,2008,45.0,55.0
morocco,MAR,2009,44.0,56.0
morocco,MAR,2011,33.0,67.0
morocco,MAR,2012,31.0,69.0
morocco,MAR,2014,24.0,76.0
mozambique,MOZ,1997,61.0,39.0
mozambique,MOZ,2003,52.0,48.0
mozambique,MOZ,2009,49.0,51.0
mozambique,MOZ,2015,44.0,56.0
mozambique,MOZ,2017,39.0,61.0
mozambique,MOZ,2020,40.0,60.0
myanmar,MMR,2000,10.0,90.0
myanmar,MMR,2014,10.0,90.0
myanmar,MMR,2019,11.0,89.0
namibia,NAM,1991,24.0,76.0
namibia,NAM,2001,15.0,85.0
namibia,NAM,2011,12.0,88.0
nauru,NRU,2023,3.4134598,96.58654
nepal,NPL,1991,67.0,33.0
nepal,NPL,2001,51.0,49.0
nepal,NPL,2011,40.0,60.0
nepal,NPL,2016,34.498993,65.50101
nepal,NPL,2019,31.287498,68.7125
new caledonia,NCL,1996,4.0,96.0
nicaragua,NIC,2001,23.0,77.0
nicaragua,NIC,2005,22.0,78.0
niger,NER,2001,86.0,14.0
niger,NER,2005,71.0,29.0
niger,NER,2012,69.0,31.0
niger,NER,2018,66.952545,33.04745
niger,NER,2022,64.39029,35.60971
nigeria,NGA,1991,45.0,55.0
nigeria,NGA,2003,45.0,55.0
nigeria,NGA,2006,30.0,70.0
nigeria,NGA,2016,41.77866,58.22134
nigeria,NGA,2021,36.84446,63.15554
north america (wb),Unknown,2003,1.3800812,98.61992
north america (wb),Unknown,2004,1.3684387,98.63156
north america (wb),Unknown,2005,1.3576279,98.64237
north america (wb),Unknown,2006,1.3430481,98.65695
north america (wb),Unknown,2007,1.3335724,98.66643
north america (wb),Unknown,2008,1.3134232,98.68658
north america (wb),Unknown,2017,1.246521,98.75348
north america (wb),Unknown,2018,1.2402115,98.75979
north america (wb),Unknown,2019,1.2348328,98.76517
north america (wb),Unknown,2020,1.2297134,98.77029
north america (wb),Unknown,2021,1.2228317,98.77717
north america (wb),Unknown,2022,1.2205887,98.77941
korea,PRK,2008,0.0,100.0
north macedonia,MKD,1994,6.0,94.0
north macedonia,MKD,2002,4.0,96.0
northern africa and western asia (sdg),Unknown,1990,35.803627,64.19637
northern africa and western asia (sdg),Unknown,1991,34.996513,65.00349
northern africa and western asia (sdg),Unknown,1992,34.228218,65.77178
northern africa and western asia (sdg),Unknown,1993,33.66423,66.33577
northern africa and western asia (sdg),Unknown,1994,32.94233,67.05767
northern africa and western asia (sdg),Unknown,1995,32.200844,67.79916
northern africa and western asia (sdg),Unknown,1996,31.33023,68.66977
northern africa and western asia (sdg),Unknown,1997,30.492973,69.50703
northern africa and western asia (sdg),Unknown,1998,29.58561,70.41439
northern africa and western asia (sdg),Unknown,1999,28.758987,71.24101
northern africa and western asia (sdg),Unknown,2000,27.835136,72.16486
northern africa and western asia (sdg),Unknown,2001,26.965218,73.03478
northern africa and western asia (sdg),Unknown,2002,26.164291,73.83571
northern africa and western asia (sdg),Unknown,2003,24.061333,75.93867
northern africa and western asia (sdg),Unknown,2004,23.39833,76.60167
northern africa and western asia (sdg),Unknown,2005,22.818626,77.18137
northern africa and western asia (sdg),Unknown,2006,24.646858,75.35314
northern africa and western asia (sdg),Unknown,2007,23.991798,76.0082
northern africa and western asia (sdg),Unknown,2008,23.273514,76.72649
northern africa and western asia (sdg),Unknown,2009,23.92347,76.07653
northern africa and western asia (sdg),Unknown,2010,23.1297,76.8703
northern africa and western asia (sdg),Unknown,2011,21.52356,78.47644
northern africa and western asia (sdg),Unknown,2012,20.811111,79.18889
northern africa and western asia (sdg),Unknown,2013,20.19368,79.80632
northern africa and western asia (sdg),Unknown,2014,19.811707,80.18829
northern africa and western asia (sdg),Unknown,2015,19.25393,80.74607
northern africa and western asia (sdg),Unknown,2016,20.297508,79.70249
northern africa and western asia (sdg),Unknown,2017,19.910263,80.08974
northern africa and western asia (sdg),Unknown,2018,19.651321,80.34868
northern africa and western asia (sdg),Unknown,2019,19.40747,80.59253
northern africa and western asia (sdg),Unknown,2020,19.169289,80.83071
northern africa and western asia (sdg),Unknown,2021,18.88604,81.11396
northern africa and western asia (sdg),Unknown,2022,18.67772,81.32228
northern africa and western asia (sdg),Unknown,2023,18.47464,81.52536
oceania (excluding australia and new zealand) (sdg),Unknown,1994,36.16279,63.83721
oceania (excluding australia and new zealand) (sdg),Unknown,1995,36.26484,63.73516
oceania (excluding australia and new zealand) (sdg),Unknown,1996,35.87451,64.12549
oceania (excluding australia and new zealand) (sdg),Unknown,1997,35.484818,64.51518
oceania (excluding australia and new zealand) (sdg),Unknown,1998,35.10292,64.89708
oceania (excluding australia and new zealand) (sdg),Unknown,1999,34.81904,65.18096
oceania (excluding australia and new zealand) (sdg),Unknown,2000,34.64868,65.35132
oceania (excluding australia and new zealand) (sdg),Unknown,2001,34.32618,65.67382
oceania (excluding australia and new zealand) (sdg),Unknown,2002,34.016037,65.98396
oceania (excluding australia and new zealand) (sdg),Unknown,2003,33.715103,66.2849
oceania (excluding australia and new zealand) (sdg),Unknown,2004,33.417686,66.58231
oceania (excluding australia and new zealand) (sdg),Unknown,2005,33.13874,66.86126
oceania (excluding australia and new zealand) (sdg),Unknown,2006,32.86789,67.13211
oceania (excluding australia and new zealand) (sdg),Unknown,2007,32.602203,67.3978
oceania (excluding australia and new zealand) (sdg),Unknown,2008,32.346893,67.65311
oceania (excluding australia and new zealand) (sdg),Unknown,2009,32.10852,67.89148
oceania (excluding australia and new zealand) (sdg),Unknown,2010,31.872818,68.12718
oceania (excluding australia and new zealand) (sdg),Unknown,2011,31.986237,68.01376
oceania (excluding australia and new zealand) (sdg),Unknown,2012,32.097633,67.90237
oceania (excluding australia and new zealand) (sdg),Unknown,2013,32.20893,67.79107
oceania (excluding australia and new zealand) (sdg),Unknown,2017,32.708633,67.29137
oceania (excluding australia and new zealand) (sdg),Unknown,2018,32.81302,67.18698
oceania (excluding australia and new zealand) (sdg),Unknown,2019,32.91362,67.08638
oceania (excluding australia and new zealand) (sdg),Unknown,2020,33.010277,66.98972
oceania (excluding australia and new zealand) (sdg),Unknown,2021,33.03247,66.96753
oman,OMN,2003,34.0,66.0
oman,OMN,2008,13.0,87.0
oman,OMN,2010,13.0,87.0
oman,OMN,2015,7.0,93.0
oman,OMN,2017,4.0,96.0
oman,OMN,2018,4.0,96.0
oman,OMN,2020,3.0,97.0
oman,OMN,2022,3.0,97.0
pakistan,PAK,1998,57.0,43.0
pakistan,PAK,2005,50.0,50.0
pakistan,PAK,2006,46.0,54.0
pakistan,PAK,2007,48.0,52.0
pakistan,PAK,2008,44.0,56.0
pakistan,PAK,2009,45.0,55.0
pakistan,PAK,2010,45.0,55.0
pakistan,PAK,2011,45.0,55.0
pakistan,PAK,2012,43.0,57.0
pakistan,PAK,2013,44.0,56.0
pakistan,PAK,2014,43.0,57.0
pakistan,PAK,2017,41.0,59.0
pakistan,PAK,2018,43.0,57.0
pakistan,PAK,2019,42.0,58.0
pakistan,PAK,2021,41.1439,58.8561
palau,PLW,2013,0.0,100.0
palau,PLW,2015,3.0,97.0
palestine,PSE,1997,14.0,86.0
palestine,PSE,2004,8.0,92.0
palestine,PSE,2006,7.0,93.0
palestine,PSE,2007,6.0,94.0
palestine,PSE,2008,6.0,94.0
palestine,PSE,2009,6.0,94.0
palestine,PSE,2010,5.0,95.0
palestine,PSE,2011,5.0,95.0
palestine,PSE,2012,4.0,96.0
palestine,PSE,2013,4.0,96.0
palestine,PSE,2014,4.0,96.0
palestine,PSE,2015,4.0,96.0
palestine,PSE,2016,3.0,97.0
palestine,PSE,2017,3.0,97.0
palestine,PSE,2018,3.0,97.0
palestine,PSE,2019,3.0,97.0
palestine,PSE,2020,2.0,98.0
palestine,PSE,2022,2.0,98.0
panama,PAN,1990,11.0,89.0
panama,PAN,2000,8.0,92.0
panama,PAN,2010,6.0,94.0
panama,PAN,2018,5.0,95.0
panama,PAN,2019,4.0,96.0
papua new guinea,PNG,2000,43.0,57.0
papua new guinea,PNG,2017,29.936317,70.06368
paraguay,PRY,1992,10.0,90.0
paraguay,PRY,2007,5.0,95.0
paraguay,PRY,2008,7.0,93.0
paraguay,PRY,2009,6.0,94.0
paraguay,PRY,2010,6.0,94.0
paraguay,PRY,2012,6.0,94.0
paraguay,PRY,2013,5.0,95.0
paraguay,PRY,2014,5.0,95.0
paraguay,PRY,2015,4.0,96.0
paraguay,PRY,2016,5.0,95.0
paraguay,PRY,2018,6.0,94.0
paraguay,PRY,2019,7.0,93.0
paraguay,PRY,2020,5.0,95.0
peru,PER,1993,13.0,87.0
peru,PER,2004,12.0,88.0
peru,PER,2005,12.0,88.0
peru,PER,2006,11.0,89.0
peru,PER,2007,10.0,90.0
peru,PER,2012,6.0,94.0
peru,PER,2014,6.0,94.0
peru,PER,2015,6.0,94.0
peru,PER,2016,6.0,94.0
peru,PER,2017,6.0,94.0
peru,PER,2018,6.0,94.0
peru,PER,2020,6.0,94.0
philippines,PHL,1990,6.0,94.0
philippines,PHL,1994,6.0,94.0
philippines,PHL,2000,7.0,93.0
philippines,PHL,2003,7.0,93.0
philippines,PHL,2008,5.0,95.0
philippines,PHL,2013,4.0,96.0
philippines,PHL,2015,2.0,98.0
philippines,PHL,2019,4.0,96.0
philippines,PHL,2020,2.0,98.0
portugal,PRT,1991,12.0,88.0
portugal,PRT,2011,6.0,94.0
puerto rico,PRI,1990,10.0,90.0
puerto rico,PRI,2010,8.0,92.0
puerto rico,PRI,2017,8.0,92.0
qatar,QAT,1997,17.0,83.0
qatar,QAT,2004,11.0,89.0
qatar,QAT,2007,7.0,93.0
qatar,QAT,2008,6.0,94.0
qatar,QAT,2009,5.0,95.0
qatar,QAT,2010,4.0,96.0
qatar,QAT,2011,4.0,96.0
qatar,QAT,2012,3.0,97.0
qatar,QAT,2013,3.0,97.0
qatar,QAT,2014,2.0,98.0
romania,ROU,1992,3.0,97.0
romania,ROU,2002,3.0,97.0
romania,ROU,2011,1.0,99.0
romania,ROU,2021,1.0,99.0
russian federation,RUS,2002,1.0,99.0
russian federation,RUS,2010,0.0,100.0
russian federation,RUS,2021,0.0,100.0
rwanda,RWA,1991,42.0,58.0
rwanda,RWA,2000,35.0,65.0
rwanda,RWA,2012,32.0,68.0
rwanda,RWA,2014,29.0,71.0
rwanda,RWA,2018,27.0,73.0
rwanda,RWA,2020,19.949142,80.05086
rwanda,RWA,2022,21.0,79.0
saint helena,SHN,1998,3.0,97.0
samoa,WSM,1991,2.0,98.0
samoa,WSM,2011,1.0,99.0
samoa,WSM,2016,1.0,99.0
samoa,WSM,2019,2.0097427,97.99026
san marino,SMR,2022,0.0,100.0
sao tome and principe,STP,1991,27.0,73.0
sao tome and principe,STP,2001,15.0,85.0
sao tome and principe,STP,2012,10.0,90.0
sao tome and principe,STP,2019,12.561539,87.43846
saudi arabia,SAU,1992,29.0,71.0
saudi arabia,SAU,2000,21.0,79.0
saudi arabia,SAU,2004,17.0,83.0
saudi arabia,SAU,2013,6.0,94.0
saudi arabia,SAU,2017,5.0,95.0
saudi arabia,SAU,2020,2.0,98.0
senegal,SEN,2002,61.0,39.0
senegal,SEN,2006,58.0,42.0
senegal,SEN,2009,52.0,48.0
senegal,SEN,2011,48.0,52.0
senegal,SEN,2013,56.0,44.0
senegal,SEN,2015,56.40727,43.59273
senegal,SEN,2016,53.90036,46.09964
senegal,SEN,2017,48.0,52.0
senegal,SEN,2018,53.39409,46.60591
senegal,SEN,2019,53.16633,46.83367
senegal,SEN,2023,49.64418,50.35582
serbia,SRB,2003,4.0,96.0
serbia,SRB,2011,2.0,98.0
serbia,SRB,2016,1.0,99.0
serbia,SRB,2019,1.0,99.0
seychelles,SYC,1994,12.0,88.0
seychelles,SYC,2002,8.0,92.0
seychelles,SYC,2010,6.0,94.0
sierra leone,SLE,2004,65.0,35.0
sierra leone,SLE,2017,55.16682,44.83318
sierra leone,SLE,2019,56.42222,43.57778
singapore,SGP,1990,11.0,89.0
singapore,SGP,2000,7.0,93.0
singapore,SGP,2010,4.0,96.0
singapore,SGP,2011,4.0,96.0
singapore,SGP,2012,4.0,96.0
singapore,SGP,2013,3.0,97.0
singapore,SGP,2014,3.0,97.0
singapore,SGP,2015,3.0,97.0
singapore,SGP,2016,3.0,97.0
singapore,SGP,2017,3.0,97.0
singapore,SGP,2018,3.0,97.0
singapore,SGP,2019,3.0,97.0
singapore,SGP,2020,3.0,97.0
singapore,SGP,2021,2.0,98.0
slovenia,SVN,1991,0.0,100.0
solomon islands,SLB,1999,23.0,77.0
somalia,SOM,2022,46.0,54.0
south africa,ZAF,1996,18.0,82.0
south africa,ZAF,2007,11.0,89.0
south africa,ZAF,2009,7.0,93.0
south africa,ZAF,2010,7.0,93.0
south africa,ZAF,2011,7.0,93.0
south africa,ZAF,2012,6.0,94.0
south africa,ZAF,2014,6.0,94.0
south africa,ZAF,2015,6.0,94.0
south africa,ZAF,2016,8.262756,91.73724
south africa,ZAF,2017,13.0,87.0
south africa,ZAF,2019,5.0,95.0
south africa,ZAF,2021,10.0,90.0
south asia (wb),Unknown,1990,54.64079,45.35921
south asia (wb),Unknown,1991,53.91436,46.08564
south asia (wb),Unknown,1992,52.91367,47.08633
south asia (wb),Unknown,1993,51.91854,48.08146
south asia (wb),Unknown,1994,51.15062,48.84938
south asia (wb),Unknown,1995,50.35951,49.64049
south asia (wb),Unknown,1996,49.5508,50.4492
south asia (wb),Unknown,1997,48.73983,51.26017
south asia (wb),Unknown,1998,43.92044,56.07956
south asia (wb),Unknown,1999,43.12369,56.87631
south asia (wb),Unknown,2000,42.34942,57.65058
south asia (wb),Unknown,2001,41.58694,58.41306
south asia (wb),Unknown,2002,40.79687,59.20313
south asia (wb),Unknown,2003,39.90422,60.09578
south asia (wb),Unknown,2004,39.12383,60.87617
south asia (wb),Unknown,2005,39.32633,60.67367
south asia (wb),Unknown,2006,39.15124,60.84876
south asia (wb),Unknown,2007,38.31608,61.68392
south asia (wb),Unknown,2008,37.4037,62.5963
south asia (wb),Unknown,2009,36.54199,63.45801
south asia (wb),Unknown,2010,33.97104,66.02896
south asia (wb),Unknown,2011,33.37014,66.62986
south asia (wb),Unknown,2012,33.32341,66.67659
south asia (wb),Unknown,2013,32.294243,67.70576
south asia (wb),Unknown,2014,31.544838,68.45516
south asia (wb),Unknown,2015,30.21785,69.78215
south asia (wb),Unknown,2016,28.894218,71.10578
south asia (wb),Unknown,2017,28.332169,71.66783
south asia (wb),Unknown,2018,27.807938,72.19206
south asia (wb),Unknown,2019,28.033974,71.96603
south asia (wb),Unknown,2020,27.31681,72.68319
south asia (wb),Unknown,2021,26.520988,73.47901
south asia (wb),Unknown,2022,25.734734,74.26527
south asia (wb),Unknown,2023,24.99115,75.00885
south sudan,SSD,2008,73.0,27.0
spain,ESP,1991,4.0,96.0
spain,ESP,2004,3.0,97.0
spain,ESP,2005,2.0,98.0
spain,ESP,2006,2.0,98.0
spain,ESP,2007,2.0,98.0
spain,ESP,2008,2.0,98.0
spain,ESP,2009,2.0,98.0
spain,ESP,2010,2.0,98.0
spain,ESP,2011,2.0,98.0
spain,ESP,2012,2.0,98.0
spain,ESP,2013,2.0,98.0
spain,ESP,2014,2.0,98.0
spain,ESP,2015,2.0,98.0
spain,ESP,2016,2.0,98.0
spain,ESP,2018,2.0,98.0
spain,ESP,2020,1.0,99.0
spain,ESP,2021,0.0,100.0
sri lanka,LKA,2001,9.0,91.0
sri lanka,LKA,2006,9.0,91.0
sri lanka,LKA,2008,9.0,91.0
sri lanka,LKA,2010,9.0,91.0
sri lanka,LKA,2016,8.0,92.0
sri lanka,LKA,2017,8.0,92.0
sri lanka,LKA,2018,8.0,92.0
sri lanka,LKA,2019,8.0,92.0
sri lanka,LKA,2020,8.0,92.0
sri lanka,LKA,2021,8.0,92.0
sri lanka,LKA,2022,8.0,92.0
sri lanka,LKA,2023,7.0,93.0
sub-saharan africa (sdg),Unknown,1990,47.88726,52.11274
sub-saharan africa (sdg),Unknown,1991,47.52408,52.47592
sub-saharan africa (sdg),Unknown,1992,47.02835,52.97165
sub-saharan africa (sdg),Unknown,1993,46.4234,53.5766
sub-saharan africa (sdg),Unknown,1994,45.79638,54.20362
sub-saharan africa (sdg),Unknown,1995,45.36831,54.63169
sub-saharan africa (sdg),Unknown,1996,44.73172,55.26828
sub-saharan africa (sdg),Unknown,1997,43.90442,56.09558
sub-saharan africa (sdg),Unknown,1998,43.24914,56.75086
sub-saharan africa (sdg),Unknown,1999,42.40516,57.59484
sub-saharan africa (sdg),Unknown,2000,43.6094,56.3906
sub-saharan africa (sdg),Unknown,2001,42.85035,57.14965
sub-saharan africa (sdg),Unknown,2002,42.14705,57.85295
sub-saharan africa (sdg),Unknown,2003,41.63486,58.36514
sub-saharan africa (sdg),Unknown,2004,40.95912,59.04088
sub-saharan africa (sdg),Unknown,2005,41.28656,58.71344
sub-saharan africa (sdg),Unknown,2006,41.58274,58.41726
sub-saharan africa (sdg),Unknown,2007,41.82421,58.17579
sub-saharan africa (sdg),Unknown,2008,41.51771,58.48229
sub-saharan africa (sdg),Unknown,2009,41.05862,58.94138
sub-saharan africa (sdg),Unknown,2010,40.38487,59.61513
sub-saharan africa (sdg),Unknown,2011,38.86994,61.13006
sub-saharan africa (sdg),Unknown,2012,37.6212,62.3788
sub-saharan africa (sdg),Unknown,2013,36.76609,63.23391
sub-saharan africa (sdg),Unknown,2014,36.07675,63.92325
sub-saharan africa (sdg),Unknown,2015,35.47985,64.52015
sub-saharan africa (sdg),Unknown,2016,34.893883,65.10612
sub-saharan africa (sdg),Unknown,2017,34.55497,65.44503
sub-saharan africa (sdg),Unknown,2018,32.932663,67.06734
sub-saharan africa (sdg),Unknown,2019,32.28179,67.71821
sub-saharan africa (sdg),Unknown,2020,32.092796,67.9072
sub-saharan africa (sdg),Unknown,2021,32.101387,67.89861
sub-saharan africa (sdg),Unknown,2022,31.7687,68.2313
sub-saharan africa (sdg),Unknown,2023,31.497803,68.5022
sub-saharan africa (wb),Unknown,1990,47.69314,52.30686
sub-saharan africa (wb),Unknown,1991,47.34836,52.65164
sub-saharan africa (wb),Unknown,1992,46.87456,53.12544
sub-saharan africa (wb),Unknown,1993,46.2932,53.7068
sub-saharan africa (wb),Unknown,1994,45.69079,54.30921
sub-saharan africa (wb),Unknown,1995,45.27845,54.72155
sub-saharan africa (wb),Unknown,1996,44.62188,55.37812
sub-saharan africa (wb),Unknown,1997,43.78176,56.21824
sub-saharan africa (wb),Unknown,1998,43.10839,56.89161
sub-saharan africa (wb),Unknown,1999,42.25474,57.74526
sub-saharan africa (wb),Unknown,2000,43.37245,56.62755
sub-saharan africa (wb),Unknown,2001,42.59986,57.40014
sub-saharan africa (wb),Unknown,2002,41.88409,58.11591
sub-saharan africa (wb),Unknown,2003,41.3541,58.6459
sub-saharan africa (wb),Unknown,2004,40.66668,59.33332
sub-saharan africa (wb),Unknown,2005,40.94321,59.05679
sub-saharan africa (wb),Unknown,2006,41.83189,58.16811
sub-saharan africa (wb),Unknown,2007,42.03662,57.96338
sub-saharan africa (wb),Unknown,2008,41.71435,58.28565
sub-saharan africa (wb),Unknown,2009,41.24289,58.75711
sub-saharan africa (wb),Unknown,2010,40.56746,59.43254
sub-saharan africa (wb),Unknown,2011,39.08286,60.91714
sub-saharan africa (wb),Unknown,2012,37.85399,62.14601
sub-saharan africa (wb),Unknown,2013,37.00359,62.99641
sub-saharan africa (wb),Unknown,2014,36.31276,63.68724
sub-saharan africa (wb),Unknown,2015,35.712486,64.28751
sub-saharan africa (wb),Unknown,2016,35.121742,64.87826
sub-saharan africa (wb),Unknown,2017,34.7697,65.2303
sub-saharan africa (wb),Unknown,2018,33.183434,66.81657
sub-saharan africa (wb),Unknown,2019,32.55835,67.44165
sub-saharan africa (wb),Unknown,2020,32.376213,67.62379
sub-saharan africa (wb),Unknown,2021,32.384323,67.61568
sub-saharan africa (wb),Unknown,2022,32.06427,67.93573
sub-saharan africa (wb),Unknown,2023,31.803757,68.19624
sudan,SDN,2000,39.0,61.0
sudan,SDN,2008,46.0,54.0
suriname,SUR,2004,10.0,90.0
suriname,SUR,2008,5.0,95.0
suriname,SUR,2010,5.0,95.0
suriname,SUR,2012,7.0,93.0
syria,SYR,2002,17.0,83.0
syria,SYR,2004,19.0,81.0
syria,SYR,2021,6.0,94.0
tajikistan,TJK,2000,1.0,99.0
tanzania,TZA,2002,31.0,69.0
tanzania,TZA,2012,22.0,78.0
tanzania,TZA,2015,22.0,78.0
thailand,THA,2000,7.0,93.0
thailand,THA,2005,6.0,94.0
thailand,THA,2010,4.0,96.0
thailand,THA,2013,6.0,94.0
thailand,THA,2015,7.0,93.0
thailand,THA,2016,8.0186,91.9814
thailand,THA,2018,6.0,94.0
thailand,THA,2019,8.73085,91.26915
thailand,THA,2022,8.900131,91.09987
togo,TGO,2000,47.0,53.0
togo,TGO,2006,43.0,57.0
togo,TGO,2009,43.0,57.0
togo,TGO,2011,40.0,60.0
togo,TGO,2015,36.0,64.0
togo,TGO,2019,33.0,67.0
togo,TGO,2022,27.404114,72.59589
tonga,TON,1996,1.0,99.0
tonga,TON,2006,1.0,99.0
tonga,TON,2011,1.0,99.0
tonga,TON,2016,3.0,97.0
tonga,TON,2019,8.9483795,91.05162
trinidad and tobago,TTO,1990,3.0,97.0
tunisia,TUN,2004,26.0,74.0
tunisia,TUN,2007,23.0,77.0
tunisia,TUN,2008,22.0,78.0
tunisia,TUN,2010,21.0,79.0
tunisia,TUN,2011,20.0,80.0
tunisia,TUN,2012,20.0,80.0
tunisia,TUN,2014,21.0,79.0
tunisia,TUN,2018,20.524887,79.47511
tunisia,TUN,2019,19.0,81.0
tunisia,TUN,2021,16.317368,83.68263
tunisia,TUN,2023,13.753181,86.24682
turkey,TUR,1990,21.0,79.0
turkey,TUR,2004,13.0,87.0
turkey,TUR,2005,12.0,88.0
turkey,TUR,2006,12.0,88.0
turkey,TUR,2007,11.0,89.0
turkey,TUR,2009,9.0,91.0
turkey,TUR,2010,7.0,93.0
turkey,TUR,2011,6.0,94.0
turkey,TUR,2012,5.0,95.0
turkey,TUR,2013,5.0,95.0
turkey,TUR,2014,5.0,95.0
turkey,TUR,2015,4.0,96.0
turkey,TUR,2016,4.0,96.0
turkey,TUR,2017,4.0,96.0
turkey,TUR,2019,3.0,97.0
turkey,TUR,2021,3.0,97.0
turkmenistan,TKM,1995,1.0,99.0
uganda,UGA,1991,44.0,56.0
uganda,UGA,2002,32.0,68.0
uganda,UGA,2006,29.0,71.0
uganda,UGA,2010,27.0,73.0
uganda,UGA,2012,30.0,70.0
uganda,UGA,2016,30.898682,69.10132
ukraine,UKR,2001,1.0,99.0
united arab emirates,ARE,2005,10.0,90.0
united arab emirates,ARE,2019,2.0,98.0
united arab emirates,ARE,2021,2.0,98.0
united arab emirates,ARE,2022,2.0,98.0
united arab emirates,ARE,2023,2.0,98.0
upper-middle-income countries,Unknown,1990,18.958862,81.04114
upper-middle-income countries,Unknown,1991,18.41349,81.58651
upper-middle-income countries,Unknown,1992,17.842422,82.15758
upper-middle-income countries,Unknown,1993,17.302101,82.6979
upper-middle-income countries,Unknown,1994,16.768578,83.23142
upper-middle-income countries,Unknown,1995,16.198761,83.80124
upper-middle-income countries,Unknown,1996,15.687309,84.31269
upper-middle-income countries,Unknown,1997,11.283203,88.7168
upper-middle-income countries,Unknown,1998,10.882301,89.1177
upper-middle-income countries,Unknown,1999,10.523552,89.47645
upper-middle-income countries,Unknown,2000,10.123329,89.87667
upper-middle-income countries,Unknown,2001,9.803581,90.19642
upper-middle-income countries,Unknown,2002,9.458611,90.54139
upper-middle-income countries,Unknown,2003,9.018173,90.98183
upper-middle-income countries,Unknown,2004,8.6763,91.3237
upper-middle-income countries,Unknown,2005,8.41584,91.58416
upper-middle-income countries,Unknown,2006,8.131828,91.86817
upper-middle-income countries,Unknown,2007,7.122711,92.87729
upper-middle-income countries,Unknown,2008,6.691139,93.30886
upper-middle-income countries,Unknown,2009,6.5949707,93.40503
upper-middle-income countries,Unknown,2010,6.390808,93.60919
upper-middle-income countries,Unknown,2011,6.249893,93.75011
upper-middle-income countries,Unknown,2012,6.0026093,93.99739
upper-middle-income countries,Unknown,2013,5.9348373,94.06516
upper-middle-income countries,Unknown,2014,5.5831604,94.41684
upper-middle-income countries,Unknown,2015,5.4606476,94.53935
upper-middle-income countries,Unknown,2016,5.238838,94.76116
upper-middle-income countries,Unknown,2017,5.2283173,94.77168
upper-middle-income countries,Unknown,2018,5.0739822,94.92602
upper-middle-income countries,Unknown,2019,4.786087,95.21391
upper-middle-income countries,Unknown,2020,4.6795197,95.32048
upper-middle-income countries,Unknown,2021,4.6469193,95.35308
upper-middle-income countries,Unknown,2022,4.504631,95.49537
upper-middle-income countries,Unknown,2023,4.380478,95.61952
uruguay,URY,1996,3.0,97.0
uruguay,URY,2006,2.0,98.0
uruguay,URY,2007,2.0,98.0
uruguay,URY,2008,2.0,98.0
uruguay,URY,2009,2.0,98.0
uruguay,URY,2010,2.0,98.0
uruguay,URY,2011,2.0,98.0
uruguay,URY,2012,2.0,98.0
uruguay,URY,2013,2.0,98.0
uruguay,URY,2014,2.0,98.0
uruguay,URY,2015,1.0,99.0
uruguay,URY,2016,1.0,99.0
uruguay,URY,2017,1.0,99.0
uruguay,URY,2018,1.0,99.0
uruguay,URY,2019,1.0,99.0
uruguay,URY,2022,1.0,99.0
uzbekistan,UZB,2000,1.0,99.0
uzbekistan,UZB,2013,0.0,100.0
uzbekistan,UZB,2014,0.0,100.0
uzbekistan,UZB,2015,0.0,100.0
uzbekistan,UZB,2016,0.0,100.0
uzbekistan,UZB,2018,0.0,100.0
uzbekistan,UZB,2019,0.0,100.0
uzbekistan,UZB,2021,0.0,100.0
uzbekistan,UZB,2022,0.0,100.0
vanuatu,VUT,1999,26.0,74.0
vanuatu,VUT,2023,12.0396805,87.96032
venezuela,VEN,1990,10.0,90.0
venezuela,VEN,2001,7.0,93.0
venezuela,VEN,2007,5.0,95.0
venezuela,VEN,2009,4.0,96.0
venezuela,VEN,2011,5.0,95.0
venezuela,VEN,2015,3.0,97.0
venezuela,VEN,2016,3.0,97.0
vietnam,VNM,1999,10.0,90.0
vietnam,VNM,2000,10.0,90.0
vietnam,VNM,2009,6.0,94.0
vietnam,VNM,2019,4.0,96.0
vietnam,VNM,2022,4.0,96.0
world,OWID_WRL,1990,25.09298,74.90702
world,OWID_WRL,1991,24.713493,75.28651
world,OWID_WRL,1992,24.30568,75.69432
world,OWID_WRL,1993,23.897552,76.10245
world,OWID_WRL,1994,23.498528,76.50147
world,OWID_WRL,1995,23.08815,76.91185
world,OWID_WRL,1996,22.703682,77.29632
world,OWID_WRL,1997,20.711563,79.28844
world,OWID_WRL,1998,19.531303,80.4687
world,OWID_WRL,1999,19.194,80.806
world,OWID_WRL,2000,19.020767,80.97923
world,OWID_WRL,2001,18.71399,81.28601
world,OWID_WRL,2002,18.35981,81.64019
world,OWID_WRL,2003,17.885712,82.11429
world,OWID_WRL,2004,17.55272,82.44728
world,OWID_WRL,2005,17.545242,82.45476
world,OWID_WRL,2006,17.574707,82.42529
world,OWID_WRL,2007,16.988152,83.01185
world,OWID_WRL,2008,16.614449,83.38555
world,OWID_WRL,2009,16.391289,83.60871
world,OWID_WRL,2010,15.772797,84.2272
world,OWID_WRL,2011,15.58918,84.41082
world,OWID_WRL,2012,15.398582,84.60142
world,OWID_WRL,2013,15.09687,84.90313
world,OWID_WRL,2014,14.713577,85.28642
world,OWID_WRL,2015,14.321091,85.67891
world,OWID_WRL,2016,13.999863,86.00014
world,OWID_WRL,2017,13.822968,86.17703
world,OWID_WRL,2018,13.562492,86.43751
world,OWID_WRL,2019,13.452057,86.54794
world,OWID_WRL,2020,13.252518,86.74748
world,OWID_WRL,2021,13.072456,86.92754
world,OWID_WRL,2022,12.844643,87.15536
world,OWID_WRL,2023,12.643967,87.35603
yemen,YEM,1994,63.0,37.0
zambia,ZMB,1990,35.0,65.0
zambia,ZMB,1999,32.0,68.0
zambia,ZMB,2002,31.0,69.0
zambia,ZMB,2010,17.0,83.0
zambia,ZMB,2018,28.867699,71.1323
zimbabwe,ZWE,1992,16.0,84.0
zimbabwe,ZWE,2019,6.7724533,93.22755
